ALTER TABLE config COMMENT='version 3.0.6';
CHARSET utf8;

INSERT INTO tt_nederlands (short,full) VALUES('ShowSearch','Toon zoekfunctie');
INSERT INTO tt_english (short,full) VALUES('ShowSearch','Show search function');
INSERT INTO tt_Español (short,full) VALUES('ShowSearch','Mostrar funccion de buscar');

INSERT INTO tt_nederlands (short,full) VALUES('Search_title','<img SRC=\'PNG/searchst.png\' title=\'Zoeken\'>');
INSERT INTO tt_english (short,full) VALUES('Search_title','<img SRC=\'PNG/searchst.png\' title=\'Search\'>');
INSERT INTO tt_Español (short,full) VALUES('Search_title','<img SRC=\'PNG/searchst.png\' title=\'Buscar\'>');

INSERT INTO tt_nederlands (short,full) VALUES('teachsearch_title','Zoeken van leraar');
INSERT INTO tt_english (short,full) VALUES('teachsearch_title','Search for teacher');
INSERT INTO tt_Español (short,full) VALUES('teachsearch_title','Buscar profesor');

INSERT INTO tt_nederlands (short,full) VALUES('teacher_not_found','Geen leraar gevonden');
INSERT INTO tt_english (short,full) VALUES('teachsearch_title','No teacher found');
INSERT INTO tt_Español (short,full) VALUES('teachsearch_title','Ne he contrado profesor');

INSERT INTO tt_nederlands (short,full) VALUES('found_student','Gevonden leerling');
INSERT INTO tt_english (short,full) VALUES('found_student','Found student');
INSERT INTO tt_Español (short,full) VALUES('found_student','Alimno encontrado');

INSERT INTO tt_nederlands (short,full) VALUES('found_teacher','Gevonden leraar');
INSERT INTO tt_english (short,full) VALUES('found_teacher','Found teacher');
INSERT INTO tt_Español (short,full) VALUES('found_teacher','Profesor encontrado');

